{"stat.useItem.18":3,"stat.fallOneCm":3992,"stat.useItem.14":1,"achievement.openInventory":63,"stat.jump":466,"achievement.exploreAllBiomes":{"value":0,"progress":["JungleHills","Jungle"]},"stat.mineBlock.31":1,"stat.useItem.58":4,"stat.damageTaken":20,"stat.mineBlock.54":6,"stat.useItem.54":16,"stat.craftItem.331":999,"stat.craftItem.351":567,"stat.climbOneCm":2848,"stat.useItem.129":1,"stat.craftItem.266":720,"stat.drop":20,"stat.craftItem.265":927,"stat.flyOneCm":54971,"stat.mineBlock.3":2,"stat.craftItem.264":720,"stat.craftItem.263":783,"stat.mineBlock.18":6,"stat.craftItem.388":792,"stat.swimOneCm":9034,"stat.walkOneCm":44136,"stat.diveOneCm":4527,"stat.mineBlock.106":3,"stat.playOneMinute":47329,"achievement.mineWood":2}